Well,Name,pmix mg/ml,ribosome uM,trna ug/ul,magnesium_acetate mM,hepes mM,potassium_glutamate mM,atp mM,gtp mM,ctp mM,utp mM,creatine_phosphate mM,tcep mM,folinic_acid mM,spermidine mM,amino_acid_solution mM,dna nM,rnas_inh U/ml,pmix mg/ml conc_to_add,pmix mg/ml vol_to_pipette_ul,ribosome uM conc_to_add,ribosome uM vol_to_pipette_ul,trna ug/ul conc_to_add,trna ug/ul vol_to_pipette_ul,magnesium_acetate mM conc_to_add,magnesium_acetate mM vol_to_pipette_ul,base_master_mix_vol_to_add_ul,total_titration_vol_to_add_ul,buffer_vol_to_add_ul,total_vol_check_ul
J12,1,2.0419532963583027,1.7670841170185962,3.344442786012185,9.181579182564382,50.0,100.0,2.0,2.0,1.0,1.0,20.0,1.0,0.02,2.0,0.3,3.0,2000.0,0.802,0.267,0.534,0.267,0.737,0.105,2.77,0.014,3.534,0.653,0.813,5.0
H14,2,2.3179366989084267,2.176828323627243,4.320343290976327,16.928361416833827,50.0,100.0,2.0,2.0,1.0,1.0,20.0,1.0,0.02,2.0,0.3,3.0,2000.0,1.078,0.359,0.944,0.472,1.713,0.245,10.516,0.053,3.534,1.129,0.337,5.0
I10,3,2.165391477549334,1.6912210546578326,4.23651527166802,10.24394100669084,50.0,100.0,2.0,2.0,1.0,1.0,20.0,1.0,0.02,2.0,0.3,3.0,2000.0,0.925,0.308,0.458,0.229,1.63,0.233,3.832,0.019,3.534,0.789,0.677,5.0
I12,4,1.4517101159939505,1.9632928790046875,3.9515305476612417,14.863656766929134,50.0,100.0,2.0,2.0,1.0,1.0,20.0,1.0,0.02,2.0,0.3,3.0,2000.0,0.212,0.071,0.73,0.365,1.345,0.192,8.452,0.042,3.534,0.67,0.796,5.0
G14,5,2.3584061409738126,2.320213705792187,2.79870071385102,9.82100136052676,50.0,100.0,2.0,2.0,1.0,1.0,20.0,1.0,0.02,2.0,0.3,3.0,2000.0,1.118,0.373,1.087,0.544,0.192,0.027,3.409,0.017,3.534,0.961,0.505,5.0
J10,6,2.493143419493597,2.59841055239026,5.116529021645701,7.864127327206681,50.0,100.0,2.0,2.0,1.0,1.0,20.0,1.0,0.02,2.0,0.3,3.0,2000.0,1.253,0.418,1.365,0.682,2.51,0.359,1.452,0.007,3.534,1.466,0.0,5.0
G11,7,1.516621237719468,2.3854020969111023,4.6358258619875325,8.973717740527663,50.0,100.0,2.0,2.0,1.0,1.0,20.0,1.0,0.02,2.0,0.3,3.0,2000.0,0.277,0.092,1.152,0.576,2.029,0.29,2.562,0.013,3.534,0.971,0.495,5.0
H13,8,1.4134282880949338,1.598771328506816,5.010095203562675,6.619494160539475,50.0,100.0,2.0,2.0,1.0,1.0,20.0,1.0,0.02,2.0,0.3,3.0,2000.0,0.173,0.058,0.366,0.183,2.403,0.343,0.207,0.001,3.534,0.585,0.881,5.0
H12,9,1.7005630981396385,2.072215522047385,3.535436075949576,13.686317184549427,50.0,100.0,2.0,2.0,1.0,1.0,20.0,1.0,0.02,2.0,0.3,3.0,2000.0,0.461,0.154,0.839,0.42,0.928,0.133,7.274,0.036,3.534,0.743,0.723,5.0
I13,10,2.69025588709984,1.8393221305330552,3.843799964505504,10.998111603190496,50.0,100.0,2.0,2.0,1.0,1.0,20.0,1.0,0.02,2.0,0.3,3.0,2000.0,1.45,0.483,0.606,0.303,1.237,0.177,4.586,0.023,3.534,0.986,0.48,5.0
J13,11,2.2172136060845755,2.637549135295662,4.053713548474691,6.412580015170775,50.0,100.0,2.0,2.0,1.0,1.0,20.0,1.0,0.02,2.0,0.3,3.0,2000.0,0.977,0.326,1.405,0.702,1.447,0.207,0.0,0.0,3.534,1.235,0.231,5.0
I14,12,1.81258051489536,1.88964267318774,4.5092217228833515,7.627003137641854,50.0,100.0,2.0,2.0,1.0,1.0,20.0,1.0,0.02,2.0,0.3,3.0,2000.0,0.573,0.191,0.657,0.328,1.902,0.272,1.215,0.006,3.534,0.797,0.669,5.0
J11,13,1.5988128372018768,1.4895185637293018,3.1600126221596727,11.995582638149395,50.0,100.0,2.0,2.0,1.0,1.0,20.0,1.0,0.02,2.0,0.3,3.0,2000.0,0.359,0.12,0.257,0.128,0.553,0.079,5.584,0.028,3.534,0.355,1.111,5.0
G12,14,2.41598067168734,1.3001361857555975,4.878039760438879,17.53156258138682,50.0,100.0,2.0,2.0,1.0,1.0,20.0,1.0,0.02,2.0,0.3,3.0,2000.0,1.176,0.392,0.067,0.034,2.271,0.324,11.12,0.056,3.534,0.806,0.66,5.0
I11,15,1.2405813168346245,1.382344410303533,2.755777912757447,16.731281955878416,50.0,100.0,2.0,2.0,1.0,1.0,20.0,1.0,0.02,2.0,0.3,3.0,2000.0,0.0,0.0,0.149,0.074,0.149,0.021,10.319,0.052,3.534,0.147,1.319,5.0
H11,16,1.8998697778657148,2.139667784539265,4.759780035358837,15.741000685550386,50.0,100.0,2.0,2.0,1.0,1.0,20.0,1.0,0.02,2.0,0.3,3.0,2000.0,0.66,0.22,0.907,0.454,2.153,0.308,9.329,0.047,3.534,1.029,0.437,5.0
H10,17,1.977396125999956,1.2334815449506502,2.9731090153975055,14.217629941162432,50.0,100.0,2.0,2.0,1.0,1.0,20.0,1.0,0.02,2.0,0.3,3.0,2000.0,0.737,0.246,0.0,0.0,0.366,0.052,7.806,0.039,3.534,0.337,1.129,5.0
J14,18,2.6226886624074046,1.5422461958075728,2.607994607487315,15.35488281376522,50.0,100.0,2.0,2.0,1.0,1.0,20.0,1.0,0.02,2.0,0.3,3.0,2000.0,1.383,0.461,0.309,0.154,0.0,0.0,8.943,0.045,3.534,0.66,0.806,5.0
G10,19,1.7359947695048876,2.5324545385600996,3.7294833730177537,12.431169664786804,50.0,100.0,2.0,2.0,1.0,1.0,20.0,1.0,0.02,2.0,0.3,3.0,2000.0,0.496,0.165,1.299,0.65,1.122,0.16,6.019,0.03,3.534,1.005,0.461,5.0
G13,20,1.3279804681674987,2.425356261395483,3.2484080790530743,12.729661074536152,50.0,100.0,2.0,2.0,1.0,1.0,20.0,1.0,0.02,2.0,0.3,3.0,2000.0,0.088,0.029,1.192,0.596,0.641,0.092,6.318,0.032,3.534,0.749,0.717,5.0
